"","X","subject_ids","user_name","classification_id","workflow_version","habitat","transect","task_index","task","task_label","value","total_submissions","submission_index","choice","how_many","behavior_CLIMBING","behavior_EATING","behavior_SITTINGSTANDINGLYING","behavior_WALKINGRUNNING","num_class","num_species","check_num_spp"
"1",16,27519513,"barthelmess",131775501,20.19,"Hemlock",1,2,"T1",NA,"list(list(choice = ""SQUIRRELGRAY"", answers = list(HOWMANY = ""1"", WHATBEHAVIORSDOYOUSEE = list(""WALKINGRUNNING"")), filters = list()))",1,1,"SQUIRRELGRAY",1,0,0,0,1,1,1,1
"2",68,27519514,"not-logged-in-de2fafc4d3c310da0ccc",131815211,20.19,"Hemlock",1,2,"T1",NA,"list(list(choice = ""SQUIRRELGRAY"", answers = list(HOWMANY = ""1""), filters = list()))",1,1,"SQUIRRELGRAY",1,NA,NA,NA,NA,1,1,1
"3",40,27519516,"not-logged-in-5a40cef95a9aa329b4b4",131814783,20.19,"Hemlock",1,2,"T1",NA,"list(list(choice = ""SQUIRRELGRAY"", answers = list(HOWMANY = ""1""), filters = list()))",1,1,"SQUIRRELGRAY",1,NA,NA,NA,NA,1,1,1
"4",67,27519517,"not-logged-in-9b422d4edd3bda5a664b",131815199,20.19,"Hemlock",1,2,"T1",NA,"list(list(choice = ""SQUIRRELGRAY"", answers = list(HOWMANY = ""1"", YOUNGPRESENT = ""NO"", WHATBEHAVIORSDOYOUSEE = list(""WALKINGRUNNING"")), filters = list()))",1,1,"SQUIRRELGRAY",1,0,0,0,1,1,1,1
"5",8,27519521,"barthelmess",131466716,20.19,"Hemlock",1,2,"T1",NA,"list(list(choice = ""RACCOON"", answers = list(HOWMANY = ""1"", WHATBEHAVIORSDOYOUSEE = list(""WALKINGRUNNING"")), filters = list()))",1,1,"RACCOON",1,0,0,0,1,1,1,1
"6",5,27519524,"barthelmess",131466529,20.19,"Hemlock",1,2,"T1",NA,"list(list(choice = ""TURKEY"", answers = list(HOWMANY = ""1"", WHATBEHAVIORSDOYOUSEE = list(""WALKINGRUNNING"")), filters = list()))",1,1,"TURKEY",1,0,0,0,1,1,1,1
"7",13,27519539,"barthelmess",131467186,20.19,"Hemlock",1,2,"T1",NA,"list(list(choice = ""RACCOON"", answers = list(HOWMANY = ""1"", WHATBEHAVIORSDOYOUSEE = list(""WALKINGRUNNING"")), filters = list()))",1,1,"RACCOON",1,0,0,0,1,1,1,1
"8",70,27519543,"revoss15",131815222,20.19,"Pine",1,2,"T1",NA,"list(list(choice = ""HUMAN"", answers = list(WHATBEHAVIORSDOYOUSEE = list(""SITTINGSTANDINGLYING"")), filters = list()))",1,1,"HUMAN",NA,0,0,1,0,1,1,1
"9",6,27519544,"barthelmess",131466586,20.19,"Pine",1,2,"T1",NA,"list(list(choice = ""HUMAN"", answers = list(HOWMANY = ""1"", WHATBEHAVIORSDOYOUSEE = list(""WALKINGRUNNING"")), filters = list()))",1,1,"HUMAN",1,0,0,0,1,1,1,1
"10",61,27519550,"not-logged-in-cf7cac9645e9ab821469",131815103,20.19,"Pine",1,2,"T1",NA,"list(list(choice = ""OPOSSUM"", answers = list(YOUNGPRESENT = ""NO"", WHATBEHAVIORSDOYOUSEE = list(""WALKINGRUNNING"")), filters = list()))",1,1,"OPOSSUM",NA,0,0,0,1,1,1,1
"11",50,27519552,"not-logged-in-5a40cef95a9aa329b4b4",131814940,20.19,"Pine",1,2,"T1",NA,"list(list(choice = ""SQUIRRELGRAY"", answers = list(HOWMANY = ""1""), filters = list()))",1,1,"SQUIRRELGRAY",1,NA,NA,NA,NA,1,1,1
"12",47,27519554,"not-logged-in-9b422d4edd3bda5a664b",131814934,20.19,"Pine",1,2,"T1",NA,"list(list(choice = ""SQUIRRELGRAY"", answers = list(HOWMANY = ""1"", YOUNGPRESENT = ""NO"", WHATBEHAVIORSDOYOUSEE = list(""EATING"")), filters = list()))",1,1,"SQUIRRELGRAY",1,0,1,0,0,1,1,1
"13",12,27519556,"barthelmess",131467129,20.19,"Pine",1,2,"T1",NA,"list(list(choice = ""PORCUPINE"", answers = list(HOWMANY = ""1"", WHATBEHAVIORSDOYOUSEE = list(""WALKINGRUNNING"")), filters = list()))",1,1,"PORCUPINE",1,0,0,0,1,1,1,1
"14",71,27519559,"not-logged-in-6bbacd496b7d78237cef",131815225,20.19,"Pine",1,2,"T1",NA,"list(list(choice = ""SQUIRRELGRAY"", answers = list(HOWMANY = ""1"", YOUNGPRESENT = ""NO"", WHATBEHAVIORSDOYOUSEE = list(""WALKINGRUNNING"")), filters = list()))",1,1,"SQUIRRELGRAY",1,0,0,0,1,1,1,1
"15",9,27519564,"barthelmess",131466860,20.19,"Pine",1,2,"T1",NA,"list(list(choice = ""SQUIRRELGRAY"", answers = list(HOWMANY = ""1"", WHATBEHAVIORSDOYOUSEE = list(""WALKINGRUNNING"")), filters = list()))",1,1,"SQUIRRELGRAY",1,0,0,0,1,1,1,1
"16",34,27519565,"not-logged-in-814065f60ad1df71efdf",131814576,20.19,"Pine",1,2,"T1",NA,"list(list(choice = ""SQUIRRELGRAY"", answers = list(HOWMANY = ""1"", YOUNGPRESENT = ""NO"", WHATBEHAVIORSDOYOUSEE = list(""WALKINGRUNNING"")), filters = list()))",1,1,"SQUIRRELGRAY",1,0,0,0,1,1,1,1
"17",23,27519567,"not-logged-in-3e7dac3f67ec5494f772",131814081,20.19,"Pine",1,2,"T1",NA,"list(list(choice = ""SQUIRRELGRAY"", answers = list(), filters = list()))",1,1,"SQUIRRELGRAY",NA,NA,NA,NA,NA,1,1,1
"18",15,27519568,"barthelmess",131775274,20.19,"Pine",1,2,"T1",NA,"list(list(choice = ""SQUIRRELGRAY"", answers = list(HOWMANY = ""1"", WHATBEHAVIORSDOYOUSEE = list(""WALKINGRUNNING"")), filters = list()))",1,1,"SQUIRRELGRAY",1,0,0,0,1,1,1,1
"19",56,27519571,"not-logged-in-8115f3d994e270181c60",131815039,20.19,"Pine",1,2,"T1",NA,"list(list(choice = ""SQUIRRELGRAY"", answers = list(HOWMANY = ""1"", YOUNGPRESENT = ""NO"", WHATBEHAVIORSDOYOUSEE = list(""WALKINGRUNNING"")), filters = list()))",1,1,"SQUIRRELGRAY",1,0,0,0,1,1,1,1
"20",33,27519573,"not-logged-in-3e7dac3f67ec5494f772",131814571,20.19,"Pine",1,2,"T1",NA,"list(list(choice = ""SQUIRRELGRAY"", answers = list(), filters = list()))",1,1,"SQUIRRELGRAY",NA,NA,NA,NA,NA,1,1,1
"21",19,27519583,"barthelmess",131775749,20.19,"Pine",1,2,"T1",NA,"list(list(choice = ""SQUIRRELGRAY"", answers = list(HOWMANY = ""1"", WHATBEHAVIORSDOYOUSEE = list(""WALKINGRUNNING"")), filters = list()))",1,1,"SQUIRRELGRAY",1,0,0,0,1,2,1,1
"22",62,27519583,"not-logged-in-a3ae103abff35bdd57c7",131815171,20.19,"Pine",1,2,"T1",NA,"list(list(choice = ""SQUIRRELGRAY"", answers = list(HOWMANY = ""1"", YOUNGPRESENT = ""NO"", WHATBEHAVIORSDOYOUSEE = list(""WALKINGRUNNING"")), filters = list()))",1,1,"SQUIRRELGRAY",1,0,0,0,1,2,1,1
"23",22,27519601,"barthelmess",131776168,20.19,"Pine",1,2,"T1",NA,"list(list(choice = ""SQUIRRELGRAY"", answers = list(HOWMANY = ""1"", WHATBEHAVIORSDOYOUSEE = list(""WALKINGRUNNING"")), filters = list()))",1,1,"SQUIRRELGRAY",1,0,0,0,1,3,1,1
"24",26,27519601,"not-logged-in-0ae392a1b8db01e94876",131814439,20.19,"Pine",1,2,"T1",NA,"list(list(choice = ""SQUIRRELGRAY"", answers = list(HOWMANY = ""1"", YOUNGPRESENT = ""NO"", WHATBEHAVIORSDOYOUSEE = list(""WALKINGRUNNING"")), filters = list()))",1,1,"SQUIRRELGRAY",1,0,0,0,1,3,1,1
"25",58,27519601,"revoss15",131815063,20.19,"Pine",1,2,"T1",NA,"list(list(choice = ""SQUIRRELGRAY"", answers = list(HOWMANY = ""1"", YOUNGPRESENT = ""NO"", WHATBEHAVIORSDOYOUSEE = list(""WALKINGRUNNING"")), filters = list()))",1,1,"SQUIRRELGRAY",1,0,0,0,1,3,1,1
"26",49,27519602,"revoss15",131814939,20.19,"Pine",1,2,"T1",NA,"list(list(choice = ""SQUIRRELGRAY"", answers = list(HOWMANY = ""1"", YOUNGPRESENT = ""NO"", WHATBEHAVIORSDOYOUSEE = list(""WALKINGRUNNING"")), filters = list()))",1,1,"SQUIRRELGRAY",1,0,0,0,1,1,1,1
"27",4,27519606,"barthelmess",131466465,20.19,"Pine",1,2,"T1",NA,"list(list(choice = ""SQUIRRELGRAY"", answers = list(HOWMANY = ""1"", WHATBEHAVIORSDOYOUSEE = list(""WALKINGRUNNING"")), filters = list()))",1,1,"SQUIRRELGRAY",1,0,0,0,1,2,1,1
"28",57,27519606,"not-logged-in-9b422d4edd3bda5a664b",131815054,20.19,"Pine",1,2,"T1",NA,"list(list(choice = ""SQUIRRELGRAY"", answers = list(HOWMANY = ""1"", YOUNGPRESENT = ""NO"", WHATBEHAVIORSDOYOUSEE = list(""EATING"")), filters = list()))",1,1,"SQUIRRELGRAY",1,0,1,0,0,2,1,1
"29",20,27519611,"barthelmess",131775853,20.19,"Deciduous",1,2,"T1",NA,"list(list(choice = ""SQUIRRELGRAY"", answers = list(HOWMANY = ""1"", WHATBEHAVIORSDOYOUSEE = list(""WALKINGRUNNING"")), filters = list()))",1,1,"SQUIRRELGRAY",1,0,0,0,1,2,1,1
"30",63,27519611,"not-logged-in-5a40cef95a9aa329b4b4",131815172,20.19,"Deciduous",1,2,"T1",NA,"list(list(choice = ""SQUIRRELGRAY"", answers = list(HOWMANY = ""1""), filters = list()))",1,1,"SQUIRRELGRAY",1,NA,NA,NA,NA,2,1,1
"31",31,27519612,"not-logged-in-9b422d4edd3bda5a664b",131814559,20.19,"Deciduous",1,2,"T1",NA,"list(list(choice = ""SQUIRRELGRAY"", answers = list(HOWMANY = ""1"", YOUNGPRESENT = ""NO"", WHATBEHAVIORSDOYOUSEE = list(""WALKINGRUNNING"")), filters = list()))",1,1,"SQUIRRELGRAY",1,0,0,0,1,2,1,1
"32",66,27519612,"not-logged-in-3e7dac3f67ec5494f772",131815198,20.19,"Deciduous",1,2,"T1",NA,"list(list(choice = ""SQUIRRELGRAY"", answers = list(), filters = list()))",1,1,"SQUIRRELGRAY",NA,NA,NA,NA,NA,2,1,1
"33",74,27519615,"not-logged-in-814065f60ad1df71efdf",131815321,20.19,"Deciduous",1,2,"T1",NA,"list(list(choice = ""SQUIRRELGRAY"", answers = list(HOWMANY = ""1"", YOUNGPRESENT = ""NO""), filters = list()))",1,1,"SQUIRRELGRAY",1,NA,NA,NA,NA,1,1,1
"34",44,27519617,"not-logged-in-3e7dac3f67ec5494f772",131814816,20.19,"Deciduous",1,2,"T1",NA,"list(list(choice = ""SQUIRRELGRAY"", answers = list(), filters = list()))",1,1,"SQUIRRELGRAY",NA,NA,NA,NA,NA,1,1,1
"35",45,27519618,"shyanne75",131814836,20.19,"Deciduous",1,2,"T1",NA,"list(list(choice = ""SQUIRRELGRAY"", answers = list(HOWMANY = ""1"", YOUNGPRESENT = ""NO"", WHATBEHAVIORSDOYOUSEE = list(""WALKINGRUNNING"")), filters = list()))",1,1,"SQUIRRELGRAY",1,0,0,0,1,1,1,1
"36",3,27519619,"barthelmess",131466385,20.19,"Deciduous",1,2,"T1",NA,"list(list(choice = ""OPOSSUM"", answers = list(HOWMANY = ""1"", WHATBEHAVIORSDOYOUSEE = list(""WALKINGRUNNING"")), filters = list()))",1,1,"OPOSSUM",1,0,0,0,1,1,1,1
"37",43,27519620,"not-logged-in-0ae392a1b8db01e94876",131814807,20.19,"Deciduous",1,2,"T1",NA,"list(list(choice = ""SQUIRRELGRAY"", answers = list(HOWMANY = ""1"", YOUNGPRESENT = ""NO"", WHATBEHAVIORSDOYOUSEE = list(""WALKINGRUNNING"")), filters = list()))",1,1,"SQUIRRELGRAY",1,0,0,0,1,1,1,1
"38",35,27519624,"not-logged-in-0ae392a1b8db01e94876",131814586,20.19,"Deciduous",1,2,"T1",NA,"list(list(choice = ""SQUIRRELGRAY"", answers = list(HOWMANY = ""1"", YOUNGPRESENT = ""NO"", WHATBEHAVIORSDOYOUSEE = list(""WALKINGRUNNING"")), filters = list()))",1,1,"SQUIRRELGRAY",1,0,0,0,1,2,1,1
"39",36,27519624,"not-logged-in-aa6c225cfb302cea8ad6",131814684,20.19,"Deciduous",1,2,"T1",NA,"list(list(choice = ""SQUIRRELGRAY"", answers = list(HOWMANY = ""1"", YOUNGPRESENT = ""NO""), filters = list()))",1,1,"SQUIRRELGRAY",1,NA,NA,NA,NA,2,1,1
"40",2,27519626,"barthelmess",131466160,20.19,"Deciduous",1,2,"T1",NA,"list(list(choice = ""SQUIRRELGRAY"", answers = list(HOWMANY = ""1"", WHATBEHAVIORSDOYOUSEE = list(""WALKINGRUNNING"")), filters = list()))",1,1,"SQUIRRELGRAY",1,0,0,0,1,1,1,1
"41",10,27519628,"barthelmess",131466932,20.19,"Deciduous",1,2,"T1",NA,"list(list(choice = ""SQUIRRELGRAY"", answers = list(HOWMANY = ""1"", WHATBEHAVIORSDOYOUSEE = list(""WALKINGRUNNING"")), filters = list()))",1,1,"SQUIRRELGRAY",1,0,0,0,1,1,1,1
"42",14,27519638,"barthelmess",131467232,20.19,"Deciduous",1,2,"T1",NA,"list(list(choice = ""SQUIRRELGRAY"", answers = list(HOWMANY = ""1"", WHATBEHAVIORSDOYOUSEE = list(""WALKINGRUNNING"")), filters = list()))",1,1,"SQUIRRELGRAY",1,0,0,0,1,1,1,1
"43",75,27519639,"not-logged-in-0ae392a1b8db01e94876",131815337,20.19,"Deciduous",1,2,"T1",NA,"list(list(choice = ""SQUIRRELGRAY"", answers = list(HOWMANY = ""1"", YOUNGPRESENT = ""NO"", WHATBEHAVIORSDOYOUSEE = list(""WALKINGRUNNING"")), filters = list()))",1,1,"SQUIRRELGRAY",1,0,0,0,1,1,1,1
"44",42,27519640,"not-logged-in-8115f3d994e270181c60",131814803,20.19,"Deciduous",1,2,"T1",NA,"list(list(choice = ""SQUIRRELGRAY"", answers = list(HOWMANY = ""1"", YOUNGPRESENT = ""NO"", WHATBEHAVIORSDOYOUSEE = list(""WALKINGRUNNING"")), filters = list()))",1,1,"SQUIRRELGRAY",1,0,0,0,1,2,1,1
"45",46,27519640,"not-logged-in-3e7dac3f67ec5494f772",131814874,20.19,"Deciduous",1,2,"T1",NA,"list(list(choice = ""SQUIRRELGRAY"", answers = list(), filters = list()))",1,1,"SQUIRRELGRAY",NA,NA,NA,NA,NA,2,1,1
"46",18,27519642,"barthelmess",131775672,20.19,"Pine",2,2,"T1",NA,"list(list(choice = ""HUMAN"", answers = list(HOWMANY = ""1"", WHATBEHAVIORSDOYOUSEE = list(""WALKINGRUNNING"")), filters = list()))",1,1,"HUMAN",1,0,0,0,1,2,1,1
"47",48,27519642,"not-logged-in-6bbacd496b7d78237cef",131814937,20.19,"Pine",2,2,"T1",NA,"list(list(choice = ""HUMAN"", answers = list(HOWMANY = ""1"", WHATBEHAVIORSDOYOUSEE = list(""SITTINGSTANDINGLYING"")), filters = list()))",1,1,"HUMAN",1,0,0,1,0,2,1,1
"48",53,27519661,"not-logged-in-2851a217de4f7bd0ae9f",131815006,20.19,"Hemlock",2,2,"T1",NA,"list(list(choice = ""SQUIRRELGRAY"", answers = list(HOWMANY = ""1"", YOUNGPRESENT = ""NO"", WHATBEHAVIORSDOYOUSEE = list(""WALKINGRUNNING"")), filters = list()))",1,1,"SQUIRRELGRAY",1,0,0,0,1,1,1,1
"49",38,27519665,"not-logged-in-6bbacd496b7d78237cef",131814719,20.19,"Hemlock",2,2,"T1",NA,"list(list(choice = ""SQUIRRELGRAY"", answers = list(HOWMANY = ""1"", YOUNGPRESENT = ""NO"", WHATBEHAVIORSDOYOUSEE = list(""WALKINGRUNNING"")), filters = list()))",1,1,"SQUIRRELGRAY",1,0,0,0,1,1,1,1
"50",7,27519667,"barthelmess",131466650,20.19,"Hemlock",2,2,"T1",NA,"list(list(choice = ""SQUIRRELGRAY"", answers = list(HOWMANY = ""1"", WHATBEHAVIORSDOYOUSEE = list(""WALKINGRUNNING"")), filters = list()))",1,1,"SQUIRRELGRAY",1,0,0,0,1,3,1,1
"51",60,27519667,"not-logged-in-3e7dac3f67ec5494f772",131815088,20.19,"Hemlock",2,2,"T1",NA,"list(list(choice = ""SQUIRRELGRAY"", answers = list(), filters = list()))",1,1,"SQUIRRELGRAY",NA,NA,NA,NA,NA,3,1,1
"52",72,27519667,"not-logged-in-0ae392a1b8db01e94876",131815237,20.19,"Hemlock",2,2,"T1",NA,"list(list(choice = ""SQUIRRELGRAY"", answers = list(HOWMANY = ""1"", YOUNGPRESENT = ""YES"", WHATBEHAVIORSDOYOUSEE = list(""WALKINGRUNNING"")), filters = list()))",1,1,"SQUIRRELGRAY",1,0,0,0,1,3,1,1
"53",54,27519668,"not-logged-in-a3ae103abff35bdd57c7",131815014,20.19,"Hemlock",2,2,"T1",NA,"list(list(choice = ""SQUIRRELGRAY"", answers = list(HOWMANY = ""1"", YOUNGPRESENT = ""NO"", WHATBEHAVIORSDOYOUSEE = list(""WALKINGRUNNING"")), filters = list()))",1,1,"SQUIRRELGRAY",1,0,0,0,1,1,1,1
"54",65,27519669,"shyanne75",131815195,20.19,"Hemlock",2,2,"T1",NA,"list(list(choice = ""SQUIRRELGRAY"", answers = list(HOWMANY = ""1"", WHATBEHAVIORSDOYOUSEE = list(""WALKINGRUNNING"")), filters = list()))",1,1,"SQUIRRELGRAY",1,0,0,0,1,1,1,1
"55",32,27519671,"not-logged-in-cf7cac9645e9ab821469",131814562,20.19,"Hemlock",2,2,"T1",NA,"list(list(choice = ""SQUIRRELGRAY"", answers = list(HOWMANY = ""1"", YOUNGPRESENT = ""NO"", WHATBEHAVIORSDOYOUSEE = list(""EATING"")), filters = list()))",1,1,"SQUIRRELGRAY",1,0,1,0,0,1,1,1
"56",24,27519674,"not-logged-in-3e7dac3f67ec5494f772",131814301,20.19,"Hemlock",2,2,"T1",NA,"list(list(choice = ""SQUIRRELGRAY"", answers = list(HOWMANY = ""1"", YOUNGPRESENT = ""NO"", WHATBEHAVIORSDOYOUSEE = list(""WALKINGRUNNING"")), filters = list()))",1,1,"SQUIRRELGRAY",1,0,0,0,1,2,1,1
"57",28,27519674,"not-logged-in-f7625b000d1a7eb04f3a",131814543,20.19,"Hemlock",2,2,"T1",NA,"list(list(choice = ""SQUIRRELGRAY"", answers = list(HOWMANY = ""1""), filters = list()))",1,1,"SQUIRRELGRAY",1,NA,NA,NA,NA,2,1,1
"58",17,27519675,"barthelmess",131775578,20.19,"Hemlock",2,2,"T1",NA,"list(list(choice = ""SQUIRRELGRAY"", answers = list(HOWMANY = ""1""), filters = list()))",1,1,"SQUIRRELGRAY",1,NA,NA,NA,NA,1,1,1
"59",11,27519676,"barthelmess",131467032,20.19,"Hemlock",2,2,"T1",NA,"list(list(choice = ""OTHERSMALLMAMMAL"", answers = list(), filters = list()))",1,1,"OTHERSMALLMAMMAL",NA,NA,NA,NA,NA,2,1,1
"60",37,27519676,"revoss15",131814708,20.19,"Hemlock",2,2,"T1",NA,"list(list(choice = ""OTHERSMALLMAMMAL"", answers = list(YOUNGPRESENT = ""NO"", WHATBEHAVIORSDOYOUSEE = list(""WALKINGRUNNING"")), filters = list()))",1,1,"OTHERSMALLMAMMAL",NA,0,0,0,1,2,1,1
"61",29,27519678,"not-logged-in-5a40cef95a9aa329b4b4",131814549,20.19,"Hemlock",2,2,"T1",NA,"list(list(choice = ""SQUIRRELGRAY"", answers = list(HOWMANY = ""1""), filters = list()))",1,1,"SQUIRRELGRAY",1,NA,NA,NA,NA,1,1,1
"62",25,27519683,"not-logged-in-9b422d4edd3bda5a664b",131814369,20.19,"Hemlock",2,2,"T1",NA,"list(list(choice = ""SQUIRRELGRAY"", answers = list(HOWMANY = ""1"", YOUNGPRESENT = ""NO"", WHATBEHAVIORSDOYOUSEE = list(""WALKINGRUNNING"")), filters = list()))",1,1,"SQUIRRELGRAY",1,0,0,0,1,1,1,1
"63",73,27519698,"not-logged-in-aa6c225cfb302cea8ad6",131815248,20.19,"Hemlock",2,2,"T1",NA,"list(list(choice = ""SQUIRRELGRAY"", answers = list(HOWMANY = ""1"", YOUNGPRESENT = ""NO"", WHATBEHAVIORSDOYOUSEE = list(""WALKINGRUNNING"")), filters = list()))",1,1,"SQUIRRELGRAY",1,0,0,0,1,1,1,1
"64",1,27519699,"barthelmess",131466085,20.19,"Hemlock",2,2,"T1",NA,"list(list(choice = ""SQUIRRELGRAY"", answers = list(HOWMANY = ""1"", WHATBEHAVIORSDOYOUSEE = list(""WALKINGRUNNING"")), filters = list()))",1,1,"SQUIRRELGRAY",1,0,0,0,1,3,1,1
"65",52,27519699,"not-logged-in-3e7dac3f67ec5494f772",131814982,20.19,"Hemlock",2,2,"T1",NA,"list(list(choice = ""SQUIRRELGRAY"", answers = list(), filters = list()))",1,1,"SQUIRRELGRAY",NA,NA,NA,NA,NA,3,1,1
"66",55,27519699,"shyanne75",131815038,20.19,"Hemlock",2,2,"T1",NA,"list(list(choice = ""SQUIRRELGRAY"", answers = list(HOWMANY = ""1"", WHATBEHAVIORSDOYOUSEE = list(""WALKINGRUNNING"")), filters = list()))",1,1,"SQUIRRELGRAY",1,0,0,0,1,3,1,1
"67",64,27519700,"not-logged-in-8115f3d994e270181c60",131815188,20.19,"Hemlock",2,2,"T1",NA,"list(list(choice = ""SQUIRRELGRAY"", answers = list(HOWMANY = ""1"", YOUNGPRESENT = ""NO"", WHATBEHAVIORSDOYOUSEE = list(""WALKINGRUNNING"")), filters = list()))",1,1,"SQUIRRELGRAY",1,0,0,0,1,1,1,1
"68",51,27519703,"not-logged-in-814065f60ad1df71efdf",131814952,20.19,"Hemlock",2,2,"T1",NA,"list(list(choice = ""SQUIRRELGRAY"", answers = list(HOWMANY = ""1"", YOUNGPRESENT = ""NO""), filters = list()))",1,1,"SQUIRRELGRAY",1,NA,NA,NA,NA,1,1,1
"69",39,27519705,"not-logged-in-a3ae103abff35bdd57c7",131814781,20.19,"Hemlock",2,2,"T1",NA,"list(list(choice = ""OTHERSMALLMAMMAL"", answers = list(HOWMANY = ""1"", YOUNGPRESENT = ""NO"", WHATBEHAVIORSDOYOUSEE = list(""WALKINGRUNNING"")), filters = list()))",1,1,"OTHERSMALLMAMMAL",1,0,0,0,1,1,1,1
"70",59,27519708,"not-logged-in-0ae392a1b8db01e94876",131815079,20.19,"Hemlock",2,2,"T1",NA,"list(list(choice = ""SQUIRRELGRAY"", answers = list(HOWMANY = ""1"", YOUNGPRESENT = ""NO"", WHATBEHAVIORSDOYOUSEE = list(""WALKINGRUNNING"")), filters = list()))",1,1,"SQUIRRELGRAY",1,0,0,0,1,1,1,1
"71",41,27519710,"not-logged-in-9b422d4edd3bda5a664b",131814796,20.19,"Hemlock",2,2,"T1",NA,"list(list(choice = ""SQUIRRELGRAY"", answers = list(HOWMANY = ""1"", YOUNGPRESENT = ""NO"", WHATBEHAVIORSDOYOUSEE = list(""WALKINGRUNNING"")), filters = list()))",1,1,"SQUIRRELGRAY",1,0,0,0,1,1,1,1
"72",21,27519713,"barthelmess",131776072,20.19,"Hemlock",2,2,"T1",NA,"list(list(choice = ""OTHERSMALLMAMMAL"", answers = list(HOWMANY = ""1"", WHATBEHAVIORSDOYOUSEE = list(""WALKINGRUNNING"")), filters = list()))",1,1,"OTHERSMALLMAMMAL",1,0,0,0,1,1,1,1
"73",27,27519721,"not-logged-in-3e7dac3f67ec5494f772",131814450,20.19,"Hemlock",2,2,"T1",NA,"list(list(choice = ""SQUIRRELGRAY"", answers = list(), filters = list()))",1,1,"SQUIRRELGRAY",NA,NA,NA,NA,NA,1,1,1
"74",30,27519723,"shyanne75",131814550,20.19,"Hemlock",2,2,"T1",NA,"list(list(choice = ""SQUIRRELGRAY"", answers = list(HOWMANY = ""1"", WHATBEHAVIORSDOYOUSEE = list(""CLIMBING"")), filters = list()))",1,1,"SQUIRRELGRAY",1,1,0,0,0,1,1,1
"75",69,27519732,"not-logged-in-cf7cac9645e9ab821469",131815217,20.19,"Hemlock",2,2,"T1",NA,"list(list(choice = ""SQUIRRELGRAY"", answers = list(HOWMANY = ""1"", YOUNGPRESENT = ""NO"", WHATBEHAVIORSDOYOUSEE = list(""WALKINGRUNNING"")), filters = list()))",1,1,"SQUIRRELGRAY",1,0,0,0,1,1,1,1
